tweetID	label	has_reply	sarcasm	Contains_Hate	number_of_replies	sarcasm_mean	hate_mean
1228409143637291019	TRUE	1	0	0	10	0	0
1227476392511713285	FALSE	1	0	0	2	0.5	0
1226615186422980608	FALSE	1	0	0	1	0	0
1227261397110648833	FALSE	1	0	0	2	0.5	0
1227297932166270976	FALSE	1	0	0	2	0	0
1227526867722350593	FALSE	1	0	0	11	0.09090909091	0
1227594571011514370	FALSE	1	0	0	2	0	0
1227615117988200448	FALSE	1	0	0	3	0	0.3333333333
1228154663901388804	FALSE	1	0	0	6	0	0
1228573338961874944	FALSE	1	0	0	2	0	0
1224584105729327104	FALSE	1	0	0	2	0	0.5
1223327873995427841	FALSE	1	0	0	2	0	0
1223678308065468417	FALSE	1	1	0	5	0.2	0
1223682878518779905	FALSE	1	1	0	2	0.5	0
1223688918664695808	FALSE	1	1	0	3	0.3333333333	0
1223726528061636610	FALSE	1	1	0	4	0.75	0.25
1224322902457298946	FALSE	1	1	0	6	0.1666666667	0
1223348094407974914	FALSE	1	0	0	34	0.1176470588	0.02941176471
1223828229619953666	FALSE	1	1	0	18	0.05555555556	0
1223948263386165248	FALSE	1	0	0	1	0	0
1224062647496253442	FALSE	1	0	0	10	0.3	0
1224098807757070336	FALSE	1	1	1	2	0.5	0
1224434588497272832	FALSE	1	1	0	1	0	0
1226906925893406720	FALSE	1	0	0	52	0.01923076923	0
1222637988657737728	FALSE	1	0	0	4	0	0
1222642761003937792	FALSE	1	0	0	3	0	0
1222662184058134528	FALSE	1	0	0	14	0.1428571429	0
1222662509129322497	FALSE	1	0	0	24	0.125	0.08333333333
1222993763254931459	FALSE	1	0	0	2	0	0
1227565288864047115	FALSE	1	0	0	2	0	0
1244397384416755721	FALSE	1	0	0	50	0.02	0
1223672259392495616	FALSE	1	0	0	16	0.0625	0.0625
1234195486317449216	FALSE	1	0	0	2	0	0
1233111310377852929	FALSE	1	0	0	5	0	0
1222221960744185856	FALSE	1	0	0	2	0	0
1222114504064061440	TRUE	1	0	0	1	0	0
1228527747208749056	FALSE	1	0	0	2	0	0
1223344879465529344	FALSE	1	0	0	2	0	0
1226854874857472001	FALSE	1	0	0	3	0.3333333333	0
1226921929581506563	FALSE	1	0	0	5	0	0.2
1227198040127217666	FALSE	1	0	0	2	0.5	0
1227238786091761666	FALSE	1	0	0	5	0	0
1227283544390529024	FALSE	1	0	0	22	0.1363636364	0.1363636364
1222802038209290240	FALSE	1	0	0	4	0.25	0
1227440094929465350	FALSE	1	0	0	2	0	0
1230586229449797632	TRUE	1	0	0	2	0.5	0.5
1230597435057156096	TRUE	1	0	0	2	0.5	0
1230167283928047616	TRUE	1	1	1	11	0.2727272727	0.2727272727
1224799962728468480	FALSE	1	0	0	12	0	0
1230975091967758342	FALSE	1	1	1	6	0	0.1666666667
1224963851457847301	FALSE	1	0	0	6	0	0
1225070714941661185	FALSE	1	0	0	5	0	0.2
1229655121153462272	TRUE	1	0	0	3	0	0
1230626530499448834	FALSE	1	0	0	6	0.1666666667	0.3333333333
1230635003886915584	FALSE	1	0	0	11	0.09090909091	0.09090909091
1230866262265356290	FALSE	1	0	0	25	0.04	0
1230901611201024009	FALSE	1	0	0	3	0.3333333333	0
1228689052980973569	FALSE	1	0	0	2	0	0
1237832848851296256	FALSE	1	0	0	3	0	0.3333333333
1234478784407052288	FALSE	1	0	0	3	0.3333333333	0.3333333333
1234543584948428803	FALSE	1	0	0	2	0	0
1234559566203019273	FALSE	1	0	0	2	0	0.5
1234573265164783616	FALSE	1	0	0	30	0.1	0.1333333333
1234573457561673730	FALSE	1	0	0	158	0.08227848101	0.1898734177
1234573523508748291	FALSE	1	0	0	8	0.125	0.375
1234490120541212672	FALSE	1	0	0	18	0.1111111111	0.1111111111
1234521492643307526	FALSE	1	0	0	3	0.3333333333	0
1234485229068226562	FALSE	1	1	0	2	0.5	0
1234730049284141056	FALSE	1	0	0	2	0	0.5
1231269100464332814	TRUE	1	0	0	5	0	0
1231662568508469250	TRUE	1	0	0	2	0	0
1232768209415262210	FALSE	1	0	0	19	0	0
1232770594074169345	TRUE	1	0	0	3	0	0
1232767568433250304	FALSE	1	0	0	3	0	0
1232771875039797253	TRUE	1	0	0	43	0.04651162791	0.09302325581
1232767736712851456	FALSE	1	0	0	2	0	0
1233832631218950145	FALSE	1	0	0	9	0	0
1243968371378528256	TRUE	1	0	0	2	0	0
1243979922915373058	TRUE	1	0	0	2	0	0
1234742806981283840	TRUE	1	0	0	3	0	0
1237120725560983557	TRUE	1	0	0	2	0	0
1232375486631858178	FALSE	1	0	0	2	0.5	0
1232377386689269760	FALSE	1	0	0	3	0	0
1232706172626579456	FALSE	1	0	0	21	0	0.04761904762
1232361460111638528	FALSE	1	0	0	61	0.131147541	0.08196721311
1232351751975645186	FALSE	1	0	0	24	0	0.125
1232401983476289536	FALSE	1	0	0	1	0	0
1237813506222800896	FALSE	1	0	0	24	0.125	0.04166666667
1237813647272968194	FALSE	1	0	0	1	0	0
1237813735223410691	FALSE	1	0	0	83	0.0843373494	0.1084337349
1237714719361859585	FALSE	1	0	1	1	0	0
1234106062221041669	FALSE	1	1	0	13	0.07692307692	0
1234175359198879748	FALSE	1	0	0	8	0.5	0.125
1234201219104636930	FALSE	1	0	0	31	0.03225806452	0
1236688542136504327	FALSE	1	0	0	13	0	0
1238121550701879296	FALSE	1	0	0	2	0	0.5
1235354223098974214	FALSE	1	0	0	5	0.2	0
1235459178757361669	FALSE	1	0	0	4	0	0
1235484032055382016	FALSE	1	0	0	1	0	0
1234953416813826050	FALSE	1	0	0	37	0.1621621622	0
1234576483798192130	FALSE	1	0	0	1	0	0
1234585587652481025	FALSE	1	0	0	15	0.06666666667	0
1234822047919943683	FALSE	1	0	0	7	0	0
1234629424768782342	FALSE	1	0	0	2	0	0
1234613251624882181	FALSE	1	0	0	4	0	0
1234590899499413505	FALSE	1	0	0	5	0	0
1234584264928374785	FALSE	1	0	0	2	0	0
1234576648189677573	FALSE	1	0	0	3	0.3333333333	0
1234547140275429387	TRUE	1	0	0	3	0	0
1234848168447180805	FALSE	1	0	0	4	0	0
1234947801693532160	FALSE	1	0	0	3	0	0
1235576248891576320	FALSE	1	1	1	3	0.6666666667	0.3333333333
1235738044826890245	FALSE	1	0	0	4	0	0
1236307421783564293	FALSE	1	0	0	24	0.125	0
1237132820646170624	TRUE	1	0	0	2	0	0
1235165302880702464	FALSE	1	0	0	11	0.1818181818	0.09090909091
1235311825337667590	FALSE	1	0	0	12	0.08333333333	0.25
1234571867903733760	FALSE	1	0	0	5	0	0
1235149866252283905	FALSE	1	0	0	1	0	0
1235231401873756160	FALSE	1	0	0	3	0.3333333333	0
1250535619962589184	FALSE	1	0	0	52	0.1538461538	0.03846153846
1235309361267970057	FALSE	1	0	0	27	0.3333333333	0.1111111111
1235317982575894532	FALSE	1	0	0	1	0	0
1236033056399601670	FALSE	1	0	0	3	0	0
1236271514502209542	FALSE	1	0	0	13	0	0
1237229031134842881	FALSE	1	0	0	174	0.1609195402	0.08620689655
1235138095474933761	FALSE	1	0	0	3	0	0
1235176601651949568	FALSE	1	0	0	2	0	0
1235176824784719872	FALSE	1	0	0	4	0.5	0
1235137643538612224	FALSE	1	0	0	8	0.25	0.375
1235304749467131905	FALSE	1	0	0	31	0.1935483871	0.1290322581
1235304701203296256	FALSE	1	0	0	3	0.3333333333	0
1235191418563350529	TRUE	1	0	0	32	0.1875	0.1875
1235298009614880768	TRUE	1	0	0	20	0.05	0.05
1235300217966260225	TRUE	1	0	0	16	0.0625	0.0625
1235265607181967368	FALSE	1	0	0	3	0	0
1235040304748625921	FALSE	1	0	0	18	0.1666666667	0
1235064449293094912	FALSE	1	0	0	1	0	0
1235107640486719488	FALSE	1	0	0	1	0	0
1235173630402846720	FALSE	1	0	0	1	0	0
1235218324272934912	FALSE	1	0	0	1	0	0
1235221244338794501	FALSE	1	0	0	4	0	0
1235151087058989056	FALSE	1	0	0	3	0.3333333333	0
1235288075376488450	FALSE	1	0	0	1	0	1
1235147394901323776	FALSE	1	0	0	2	0	0
1235297546437873664	FALSE	1	0	0	14	0.07142857143	0.1428571429
1235297940903809025	FALSE	1	0	0	3	0	0
1235162959237787648	FALSE	1	0	0	46	0.04347826087	0.02173913043
1235168668260143104	FALSE	1	0	0	32	0.03125	0.0625
1235289978047025154	FALSE	1	1	0	1	0	0
1235306884808273921	FALSE	1	0	0	87	0.06896551724	0
1235310566530523136	FALSE	1	0	0	57	0.1929824561	0.08771929825
1235311953486241796	FALSE	1	0	0	11	0.1818181818	0
1235329601339043841	FALSE	1	1	1	1	1	0
1235331924400500739	FALSE	1	0	0	9	0.3333333333	0.1111111111
1235429909490618369	FALSE	1	1	0	13	0.1538461538	0
1235491353204752385	FALSE	1	0	0	252	0.03968253968	0.03571428571
1235526941438095361	FALSE	1	0	0	1	1	1
1235553665563443200	FALSE	1	1	0	109	0.2660550459	0.09174311927
1235308217485361152	FALSE	1	0	0	10	0.2	0
1235312446346350592	FALSE	1	0	0	6	0.1666666667	0.1666666667
1235379271343931394	FALSE	1	0	0	5	0	0
1235054767828873216	FALSE	1	0	0	1	0	0
1235122390218100736	FALSE	1	0	0	2	0	0
1235136933292105730	FALSE	1	0	0	11	0	0.2727272727
1235143956800966656	FALSE	1	1	0	2	0.5	0
1235156486659223552	FALSE	1	0	0	6	0.3333333333	0
1235160238921265153	FALSE	1	0	0	2	0	0
1235179441724289025	FALSE	1	0	0	2	0	0
1235183029095723008	FALSE	1	0	0	22	0.04545454545	0.04545454545
1235194639637983237	TRUE	1	0	0	4	0	0
1235197265922449408	FALSE	1	0	0	7	0.2857142857	0
1235230004990136322	FALSE	1	0	0	5	0	0
1235231568697978881	FALSE	1	0	0	2	0	0
1235268548022472704	FALSE	1	0	0	2	0.5	0
1235284825273184260	FALSE	1	0	0	2	0.5	0
1235288658883862530	FALSE	1	0	0	89	0.1011235955	0.1123595506
1235299928831909888	FALSE	1	0	0	5	0	0
1235300012889968649	FALSE	1	0	0	2	0	0
1235304738796732417	FALSE	1	0	0	33	0.1212121212	0.06060606061
1235304942921015296	FALSE	1	0	0	113	0.1061946903	0.185840708
1237830573026050048	FALSE	1	0	0	2	0	0
1236904466160537601	FALSE	1	0	0	3	0	0
1236950635532169216	FALSE	1	0	0	3	0	0
1236988990693216262	FALSE	1	0	0	4	0	0
1237002194488041476	FALSE	1	0	0	2	0	0
1238228998800449536	FALSE	1	0	0	2	0	0
1238232885712302080	FALSE	1	0	0	1	0	0
1238234526385606664	FALSE	1	0	0	3	0	0
1238236484639035393	FALSE	1	0	0	3	0	0
1238226794458894343	FALSE	1	0	0	26	0.03846153846	0.03846153846
1238227891906908165	FALSE	1	0	0	3	0	0
1238223419449188352	FALSE	1	0	0	25	0	0
1238224826373996544	FALSE	1	0	0	9	0	0
1238235773649944593	TRUE	1	0	0	3	0.3333333333	0
1238236191264256003	TRUE	1	0	0	2	0	0
1238223812476403712	FALSE	1	0	0	10	0	0
1238225561916510214	FALSE	1	0	0	2	0	0
1238226396692074502	FALSE	1	0	0	2	0	0
1238237651700002816	FALSE	1	0	0	11	0.09090909091	0
1241428440806498306	FALSE	1	0	0	2	0	0
1238227519163203585	FALSE	1	0	0	3	0	0.3333333333
1238227657072029710	FALSE	1	0	0	9	0	0
1238227750957219840	FALSE	1	0	0	2	0	0
1238228133674921984	FALSE	1	0	0	2	0	0
1238228287492628480	FALSE	1	0	0	2	0	0
1238229175527518209	FALSE	1	0	0	3	0	0
1238229347217137664	FALSE	1	0	0	1	0	0
1238231494419779590	FALSE	1	0	0	2	0	0
1238231859533885440	FALSE	1	0	0	1	0	0
1238234726315458567	TRUE	1	0	0	2	0	0
1238234825879928833	FALSE	1	0	0	5	0	0
1238236850390786050	FALSE	1	0	0	1	0	0
1238240849638707205	FALSE	1	0	0	2	0	0
1238329307019296768	TRUE	1	0	0	2	0	0
1238419542172262401	TRUE	1	0	0	1	0	0
1238430944119468032	FALSE	1	0	0	5	0	0
1238952694649364481	FALSE	1	0	0	2	0	0
1239106808775618562	FALSE	1	1	0	3	0.6666666667	0.3333333333
1239694816176472064	FALSE	1	1	0	240	0.008333333333	0.008333333333
1238959556551729152	FALSE	1	0	0	7	0.1428571429	0
1238977850801340422	FALSE	1	1	0	2	0.5	0
1239235158764597249	TRUE	1	0	0	1	0	0
1239279224575401990	FALSE	1	0	0	2	0	0
1241087869504098305	FALSE	1	0	0	2	0	0
1243298582360457217	FALSE	1	0	0	3	0	0
1240653856717094912	FALSE	1	0	0	7	0	0
1240771563496095749	TRUE	1	0	0	4	0	0
1241140758234771456	FALSE	1	0	0	9	0.1111111111	0
1240695017577918464	FALSE	1	0	0	2	0	0
1240782645660987395	FALSE	1	0	0	10	0	0
1241140059174318080	FALSE	1	0	0	1	0	0
1238970889162686464	FALSE	1	0	0	3	0	0
1238974000715517955	FALSE	1	0	0	85	0.05882352941	0.01176470588
1238975193302925319	FALSE	1	0	0	1	0	0
1238975912110174208	FALSE	1	0	0	2	0	0
1238977546382905346	FALSE	1	0	0	3	0	0
1239320560162803712	FALSE	1	0	0	2	0	0
1239335974817222657	FALSE	1	0	0	3	0	0
1239337563015520256	TRUE	1	0	0	3	0	0
1246574279015247872	FALSE	1	1	0	3	0.6666666667	0
1241866460563202049	FALSE	1	1	0	2	0.5	0
1244369670095978497	FALSE	1	0	0	3	0	0
1240768404178505728	FALSE	1	0	0	36	0.05555555556	0.05555555556
1233484875660963845	FALSE	1	0	0	1	0	0
1233489254053031936	FALSE	1	0	0	2	0	0
1243654376415211535	FALSE	1	0	1	8	0.125	0
1243659638819692544	FALSE	1	0	0	13	0	0
1243679441601134593	FALSE	1	0	0	1	0	0
1244038888735354881	FALSE	1	0	0	1	0	0
1243677573382656001	FALSE	1	0	0	9	0	0
1243680710772379648	FALSE	1	0	0	10	0.1	0
1243927074311557120	TRUE	1	0	0	2	0	0
1234558285103161346	FALSE	1	0	0	2	0	0
1221707664385880064	FALSE	1	0	0	9	0.2222222222	0
1225015275722092547	FALSE	1	0	0	4	0	0
1221644063503474694	FALSE	1	0	0	3	0	0
1241125138713755651	FALSE	1	0	1	446	0.01793721973	0.01121076233
1241505182589968384	FALSE	1	0	0	7	0	0
1241506665226256386	FALSE	1	0	0	19	0.1578947368	0.05263157895
1241766269256372224	FALSE	1	0	0	14	0	0
1242195376955961346	TRUE	1	1	0	2	0.5	0
1242585351656550402	FALSE	1	0	0	26	0.2692307692	0.07692307692
1242140307782864896	TRUE	1	0	0	3	0	0
1245296490219790336	TRUE	1	0	0	7	0.1428571429	0.2857142857
1248378252910977025	TRUE	1	0	0	3	0	0.3333333333
1252348098421993478	FALSE	1	0	0	21	0	0
1255637576800706560	FALSE	1	0	0	16	0	0
1222666361278795780	FALSE	1	0	0	1	0	0
1221860602504798215	FALSE	1	1	0	6	0.3333333333	0
1221823224369025024	FALSE	1	0	0	19	0	0
1222154598548496387	FALSE	1	0	0	13	0.07692307692	0
1222209621277990913	FALSE	1	0	0	2	0	0
1222640835331788800	FALSE	1	0	0	2	0.5	0
1223215369843892225	FALSE	1	0	0	2	0	0
1222095647001784321	FALSE	1	0	0	3	0	0
1221733828655558657	FALSE	1	0	0	24	0.125	0
1221895610426646534	FALSE	1	0	0	19	0.1052631579	0.05263157895
1221783337326514182	FALSE	1	0	0	13	0.07692307692	0
1221831653091352576	FALSE	1	0	0	4	0	0
1221985073861406720	FALSE	1	0	0	3	0	0
1222069878867271680	FALSE	1	0	0	8	0.125	0
1222160831187734529	FALSE	1	0	0	1	0	0
1223696016915955712	FALSE	1	0	0	8	0.125	0.125
1231205648513273857	FALSE	1	0	0	3	0	0
1231232800260575233	FALSE	1	0	0	4	0.25	0
1233478053055156226	FALSE	1	1	0	2	0.5	0
1233507744918986756	FALSE	1	0	0	2	0	0
1222996115269857291	TRUE	1	0	0	4	0	0.25
1225123562761203712	FALSE	1	0	0	9	0.1111111111	0
1237753481055928320	FALSE	1	1	0	1	0	0
1221917009363046400	FALSE	1	0	0	16	0.125	0
1222002202430115840	FALSE	1	0	0	6	0.5	0
1222178335452692481	FALSE	1	0	0	6	0	0
1222196709490601984	FALSE	1	1	0	87	0.06896551724	0.1609195402
1223204507708010496	FALSE	1	1	0	6	0.3333333333	0
1223660080098357254	FALSE	1	1	0	7	0.5714285714	0
1224593850381078528	FALSE	1	0	0	4	0.5	0
1240359417264123904	FALSE	1	1	0	4	0.25	0
1229016851587440640	TRUE	1	0	0	74	0.09459459459	0.02702702703
1228804787015241730	FALSE	1	0	0	21	0	0.04761904762
1227875399054524416	FALSE	1	0	0	2	0	0
1228426390476926976	FALSE	1	0	0	5	0	0
1228654951896961025	FALSE	1	0	0	3	0	0
1228315227017678848	FALSE	1	0	0	3	0	0
1228701849378787328	FALSE	1	0	0	7	0.1428571429	0
1228715426890309636	FALSE	1	0	0	3	0	0
1229060544474337280	TRUE	1	0	0	4	0	0
1228439985122140160	TRUE	1	0	0	2	0	0
1228770957990518786	TRUE	1	0	0	17	0	0
1228925332880793605	TRUE	1	0	0	2	0	0
1241829684880515075	FALSE	1	1	0	7	0.2857142857	0.1428571429
1241935195525328897	FALSE	1	0	0	2	0	0
1242184159570919425	FALSE	1	0	0	2	0	0
1241825206064369670	FALSE	1	0	0	6	0	0.1666666667
1238478565265596417	FALSE	1	0	0	1	0	0
1243304484685692928	FALSE	1	0	0	61	0.1147540984	0.01639344262
1233333692183044097	FALSE	1	0	0	32	0.03125	0.03125
1228733126366695427	FALSE	1	0	0	2	0	0
1229000543978360834	FALSE	1	0	0	5	0.2	0
1229075640848179201	FALSE	1	0	0	91	0.1098901099	0.1208791209
1228408418479824900	FALSE	1	0	0	3	0	0
1228808111986814977	FALSE	1	0	0	4	0	0
1230057301765230592	FALSE	1	0	0	19	0.1052631579	0.05263157895
1228376697130692615	FALSE	1	0	0	1	0	0
1229014928931074048	TRUE	1	0	0	3	0	0
1235588799050199042	FALSE	1	0	0	1	0	0
1238577765835845634	FALSE	1	0	0	3	0	0
1238585738868011008	FALSE	1	1	0	26	0.07692307692	0
1238607653481459714	FALSE	1	0	0	18	0.05555555556	0
1238901160096006147	FALSE	1	1	0	8	0.125	0
1238976572503269376	FALSE	1	0	0	4	0.25	0
1244391972762267649	FALSE	1	0	0	4	0	0
1245031264522063880	FALSE	1	0	0	2	0	0
1242743704621846528	FALSE	1	0	0	15	0	0
1242547704745639940	FALSE	1	0	0	6	0.3333333333	0.3333333333
1232732619999150082	FALSE	1	0	0	6	0	0
1232441173299494913	FALSE	1	0	0	1	0	0
1233473247955558402	FALSE	1	0	0	3	0	0
1233099312202207237	FALSE	1	0	0	2	0	0
1238762599073931265	FALSE	1	0	0	1	0	0
1239320092808286209	FALSE	1	0	0	17	0.1176470588	0
1223534380125171714	FALSE	1	0	0	2	0	0
1223658964526731265	FALSE	1	0	0	16	0	0
1223926215683248129	FALSE	1	0	0	2	0	0
1224294489424113664	FALSE	1	0	0	2	0	0
1224748045226729480	FALSE	1	0	0	3	0	0
1244381602622443522	FALSE	1	0	0	5	0	0
1236381538432036864	TRUE	1	1	0	33	0.2727272727	0
1236440165314375681	FALSE	1	0	0	7	0	0
1236666321015918592	FALSE	1	0	0	21	0.380952381	0
1236009846186610689	FALSE	1	1	0	9	0	0
1236388241185673216	TRUE	1	1	0	2	0	0
1237144996387659776	FALSE	1	0	0	2	0	0
1242949826351947779	FALSE	1	0	0	42	0.09523809524	0.02380952381
1242952493514055680	FALSE	1	0	0	25	0	0
1242954893532463105	FALSE	1	0	0	195	0.05641025641	0.06153846154
1243980921524666368	TRUE	1	0	0	3	0	0
1242589500552941570	FALSE	1	0	0	3	0	0
1242897597150277632	FALSE	1	0	0	3	0	0
1242933524665110529	FALSE	1	0	0	4	0	0
1242939229572927491	FALSE	1	0	0	19	0	0
1242951906399604736	FALSE	1	0	0	11	0.1818181818	0
1242953131719380999	FALSE	1	0	0	4	0	0
1243302624243462145	TRUE	1	0	0	2	0	0
1243509068444192768	FALSE	1	0	0	2	0	0
1245036572501819392	FALSE	1	0	0	3	0	0
1246935707962220548	TRUE	1	0	0	2	0	0
1224383472300711937	FALSE	1	0	0	2	0	0
1233396823764668416	FALSE	1	0	0	2	0	0
1224544709508583424	FALSE	1	0	0	4	0	0
1224544737824210945	FALSE	1	0	0	2	0	0
1224544806124294148	FALSE	1	0	0	3	0	0
1224616037292945408	FALSE	1	0	0	5	0	0
1224616120725975040	FALSE	1	0	0	2	0	0
1224616508048990208	FALSE	1	0	0	2	0	0
1246197664481411073	FALSE	1	0	0	63	0.1428571429	0.06349206349
1230983032720375809	FALSE	1	0	0	2	0	0
1231119545458417664	FALSE	1	0	0	5	0	0
1223227646173237249	FALSE	1	0	0	2	0	0
1232033407758196737	FALSE	1	0	0	96	0.04166666667	0
1233704525652987904	TRUE	1	0	0	6	0.5	0
1234226440259932160	FALSE	1	0	0	12	0	0
1241309455372951552	FALSE	1	0	0	1	0	0
1243678574864936967	FALSE	1	0	0	213	0.0985915493	0.04225352113
1236413848418222082	FALSE	1	0	0	174	0.02873563218	0.03448275862
1236661959916949504	FALSE	1	0	0	1	0	0
1236786490119802881	FALSE	1	0	0	1	0	0
1236797779101564929	FALSE	1	0	0	210	0.04285714286	0
1237096725870981121	FALSE	1	0	0	3	0	0
1237132065960873987	FALSE	1	0	0	3	0	0
1237151898316259328	FALSE	1	0	0	34	0	0
1237487759109115904	FALSE	1	0	0	127	0.007874015748	0
1238971902217129984	FALSE	1	0	0	6	0.3333333333	0
1245767945931960320	FALSE	1	0	0	4	0	0
1252408422886076417	FALSE	1	0	0	5	0	0
1225355728682131457	FALSE	1	0	0	2	0	0
1224780897146286081	FALSE	1	0	0	6	0	0
1225172635929149441	TRUE	1	0	0	48	0	0.02083333333
1225297799060885504	TRUE	1	0	0	10	0.1	0.1
1226535371799961600	TRUE	1	0	0	31	0.06451612903	0.1290322581
1224778147910111232	FALSE	1	0	0	22	0.1818181818	0.04545454545
1224802011607994368	FALSE	1	0	0	2	0	0
1224814168869568523	FALSE	1	0	0	5	0	0
1224828960456028167	FALSE	1	0	0	2	0	0
1225920634032660480	FALSE	1	0	0	5	0	0.2
1224901799112531969	FALSE	1	0	0	3	0	0
1224999991246303233	FALSE	1	0	0	2	0	0
1225128934989357059	FALSE	1	0	0	4	0	0
1226849671630462976	TRUE	1	0	0	4	0	0
1225074338115850242	FALSE	1	0	0	3	0	0
1244565230639874049	FALSE	1	0	0	7	0	0
1240987101178605568	FALSE	1	0	0	3	0	0
1244385012771893250	TRUE	1	0	0	6	0	0
1230139008719687681	FALSE	1	0	0	23	0.1304347826	0.08695652174
1230203624887848960	FALSE	1	0	0	9	0	0
1230211494492680198	FALSE	1	0	0	7	0	0
1230381075387625472	FALSE	1	0	0	4	0	0
1231130365525417984	FALSE	1	0	0	4	0	0
1233456515127877633	FALSE	1	0	0	3	0	0
1233878144194576385	FALSE	1	0	0	2	0	0
1237433791666364416	TRUE	1	0	0	14	0.1428571429	0
1238245762930298882	TRUE	1	0	0	65	0.06153846154	0.01538461538
1238878942486020097	TRUE	1	0	0	1	0	0
1238887259342069760	TRUE	1	0	0	8	0	0
1250653318420082690	FALSE	1	0	0	2	0	0
1232748920805130242	TRUE	1	0	0	2	0	0
1232780242772807681	FALSE	1	0	0	15	0	0
1241142336639377410	FALSE	1	0	0	3	0	0
1245401594834944001	TRUE	1	0	0	4	0	0
1232382084406292480	FALSE	1	0	0	3	0	0
1232391121738850305	TRUE	1	0	0	87	0.03448275862	0.02298850575
1232400478086090752	FALSE	1	0	0	7	0	0
1232409240444293121	FALSE	1	0	0	6	0	0
1233135491706499085	TRUE	1	0	0	2	0	0
1233150906025365506	TRUE	1	0	0	2	0	0
1238105270599012353	FALSE	1	0	0	3	0	0
1236357039502303232	FALSE	1	1	0	3	0	0
1236369474409857024	FALSE	1	1	0	2	0	0
1236426898042912770	FALSE	1	1	0	2	0	0
1236362622716518401	FALSE	1	1	0	1	0	0
1236379668103802881	FALSE	1	1	0	6	0	0
1236427908756860928	FALSE	1	1	0	13	0	0
1236664572611907584	TRUE	1	0	0	2	0.5	0.5
1240053550585131008	FALSE	1	0	0	24	0.1666666667	0.04166666667
1241792049139105798	FALSE	1	0	0	3	0	0
1236395448987987969	FALSE	1	1	0	4	0	0.25
1236587837883105280	FALSE	1	0	0	5	0	0
1236699208083791872	FALSE	1	1	0	1	0	0
1236764131241406465	FALSE	1	0	0	5	0	0
1236798125261676548	TRUE	1	0	0	2	0	0
1237125353983954944	TRUE	1	0	0	4	0.5	0
1237153975255871488	FALSE	1	1	0	3	0	0
1237159157352083459	FALSE	1	0	0	2	0	0
1237279237708668928	FALSE	1	0	0	44	0.1818181818	0.06818181818
1237027205491941378	FALSE	1	0	0	48	0.0625	0
1228674241542926336	FALSE	1	0	0	4	0.25	0
1229150647293009929	FALSE	1	0	0	18	0.05555555556	0
1230209800476221442	TRUE	1	0	0	4	0.25	0
1229905069329567745	FALSE	1	0	0	5	0	0
1232352261487124480	FALSE	1	0	0	2	0	0.5
1236574400939524099	TRUE	1	0	0	2	0	0
1234562992647393281	FALSE	1	0	0	64	0.046875	0.046875
1235032292755730434	FALSE	1	0	0	4	0	0
1233825740577263617	TRUE	1	0	0	3	0	0
1233305551158874114	TRUE	1	0	0	49	0	0.02040816327
1234191790800080896	TRUE	1	0	0	2	0	0
1233124358060748811	TRUE	1	0	0	25	0	0.04
1235877692291125249	FALSE	1	0	0	4	0	0
1235907351280070657	FALSE	1	0	0	2	0	0
1223983919139303425	FALSE	1	0	0	13	0	0.1538461538
1224387564385263622	FALSE	1	0	0	1	0	0
1225129155521585153	FALSE	1	0	0	11	0	0
1225157090420969473	FALSE	1	0	0	17	0.05882352941	0
1242954929020362752	FALSE	1	0	0	1	0	0
1224052467383644163	FALSE	1	0	0	4	0	0
1224566916699824128	FALSE	1	0	0	3	0	0
1230949088855822338	FALSE	1	0	0	15	0	0
1235987308727488512	FALSE	1	0	0	3	0	0
1227335278530039808	FALSE	1	0	0	7	0	0
1244730513639735298	FALSE	1	0	0	41	0.1219512195	0.1219512195
1222641294205509633	FALSE	1	0	1	4	0	0.25
1237006496304594946	FALSE	1	0	0	4	0	0
1238442527205793792	FALSE	1	0	1	10	0.1	0.2
1246135224217583618	FALSE	1	1	1	4	0.25	0.25
1246791948708560896	TRUE	1	0	0	2	0	0
1221808968319864838	FALSE	1	0	0	18	0.1111111111	0.1111111111
1231176304231407617	FALSE	1	1	0	61	0.1803278689	0.04918032787
1231847848666374144	FALSE	1	1	1	4	0.5	0.25
1242225505727918081	FALSE	1	1	1	1	0	0
1225103220713906176	FALSE	1	1	1	37	0.2432432432	0.1621621622
1236914534771838976	FALSE	1	0	0	4	0	0
1237623135295471616	FALSE	1	0	0	7	0.2857142857	0.2857142857
1240776234579234822	FALSE	1	0	0	14	0.07142857143	0
1240782111688339462	FALSE	1	0	0	27	0	0.03703703704
1240773293659095047	FALSE	1	0	0	38	0.05263157895	0
1240656512588091392	FALSE	1	0	0	2	0	0
1240663397915557888	FALSE	1	0	0	1	0	0
1240698405166256129	FALSE	1	0	0	3	0	0
1240702975414169600	FALSE	1	0	0	2	0	0
1240759135668441090	FALSE	1	0	0	4	0	0
1240776386576605184	FALSE	1	0	0	18	0	0
1240777901903052800	FALSE	1	0	0	2	0	0
1240779454437306371	FALSE	1	0	0	1	0	0
1240665098106146817	FALSE	1	0	0	3	0.3333333333	0
1240738145127354370	FALSE	1	0	0	2	0	0
1240744487074385921	FALSE	1	0	0	1	0	0
1240782255280336898	FALSE	1	0	0	2	0	0
1224492409087758338	FALSE	1	0	0	3	0	0
1224251889778335744	FALSE	1	0	0	63	0	0.01587301587
1224307923079385088	FALSE	1	0	0	3	0	0
1226185563440590848	FALSE	1	0	0	3	0	0
1226529065709993984	FALSE	1	0	0	1	0	0
1239211579381596162	FALSE	1	0	0	2	0	0
1239649996783398915	FALSE	1	0	0	19	0	0
1240584665414721537	FALSE	1	0	0	2	0	0
1254911037675110400	FALSE	1	0	0	31	0.1935483871	0.03225806452
1238970457153507329	FALSE	1	0	0	2	0	0
1238971272257830914	FALSE	1	0	0	11	0.1818181818	0.09090909091
1243618458417467394	TRUE	1	0	0	4	0.25	0
1242937823524802562	TRUE	1	0	0	1	0	0
1241402645589393408	FALSE	1	0	0	14	0.07142857143	0.07142857143
1242543980748976132	FALSE	1	0	0	21	0	0
1232054164676431872	FALSE	1	0	0	7	0	0
1239689868227366912	TRUE	1	0	0	4	0	0
1241868362461970434	TRUE	1	0	0	34	0.08823529412	0.02941176471
1242107558879539202	TRUE	1	0	0	9	0	0
1242156317642498049	TRUE	1	0	0	4	0	0
1242534837396934661	FALSE	1	0	0	5	0	0
1242592315912474626	TRUE	1	0	0	11	0	0
1242620682678276101	TRUE	1	0	0	4	0.25	0
1245045268355170305	TRUE	1	0	0	2	0	0
1237853131733487618	FALSE	1	0	0	4	0	0
1238217232293015552	TRUE	1	0	0	6	0.1666666667	0
1238586298266509313	FALSE	1	0	0	1	0	0
1238906745122103297	FALSE	1	0	0	5	0	0
1238971833380212738	FALSE	1	0	0	2	0	0
1239099892955480065	FALSE	1	0	0	4	0	0
1239319731120812034	FALSE	1	0	0	14	0.2142857143	0
1250719487646720002	FALSE	1	0	0	3	0	0
1250169426273619968	FALSE	1	0	0	2	0	0
1247623865322389505	TRUE	1	0	0	2	0	0
1245475092760604674	FALSE	1	0	0	5	0	0
1247618291507564550	FALSE	1	0	0	2	0	0
1249055441633660928	FALSE	1	0	0	16	0.125	0
1253065791542398977	TRUE	1	0	0	2	0	0
1247624071506006018	TRUE	1	0	0	2	0	0
1247932521305845761	FALSE	1	0	0	1	0	0
1252223365185769474	FALSE	1	1	0	4	0.5	0.25
1252035514343067648	TRUE	1	0	0	2	0.5	0
1223574555412877312	FALSE	1	0	0	1	0	0
1246408796840300545	FALSE	1	0	0	136	0.25	0.03676470588
1246182194537693187	FALSE	1	0	0	90	0.1888888889	0.03333333333
1246348935586820096	FALSE	1	0	0	2	0	0
1246478762058944516	FALSE	1	0	0	4	0	0
1246781536596353024	TRUE	1	0	0	1	0	0
1248005213824225281	TRUE	1	0	0	2	0	0
1251627885628141569	TRUE	1	0	0	1	0	0
1245451835244249091	FALSE	1	1	0	5	0	0
1249116067928190976	TRUE	1	0	0	2	0	0
1249107705819729921	TRUE	1	0	0	13	0.3076923077	0.3076923077
1249107828251529227	TRUE	1	0	0	31	0.03225806452	0.03225806452
1249107870660034561	TRUE	1	0	0	2	0	0
1249108012838551552	TRUE	1	0	0	3	0	0
1248681124680937472	FALSE	1	0	0	27	0.2962962963	0.1481481481
1249100589633384450	FALSE	1	0	0	8	0.5	0
1249818225375920130	TRUE	1	0	0	2	0	0
1254120506162327552	TRUE	1	0	0	2	0	0
1254539659180417024	TRUE	1	0	0	3	0	0
1255632453248696332	FALSE	1	0	0	9	0	0
1248747462833012736	FALSE	1	1	0	2	0	0
1252655546735484930	FALSE	1	1	0	4	0.75	0.5
1254542799845949447	FALSE	1	0	0	45	0.04444444444	0
1254128835890733056	FALSE	1	0	0	4	0.25	0
1255482694298996737	TRUE	1	0	0	2	0	0
1252591223740739587	FALSE	1	0	0	19	0	0.1578947368
1245824590934413315	FALSE	1	0	0	2	0	0
1245839559663013893	FALSE	1	0	0	1	0	0
1245850455986417664	FALSE	1	0	0	4	0	0
1245766707240722434	TRUE	1	0	0	7	0	0.1428571429
1245816891752493061	TRUE	1	0	0	4	0	0
1247161124237094914	TRUE	1	0	0	3	0	0
1237451529688436746	FALSE	1	0	0	8	0	0
1237847357317771268	FALSE	1	0	0	3	0	0
1237728526440312835	FALSE	1	0	0	6	0	0
1236971227773841413	FALSE	1	0	0	27	0.03703703704	0.03703703704
1237027758229852165	FALSE	1	0	0	25	0.04	0
1237127741516009472	FALSE	1	0	0	44	0.06818181818	0.09090909091
1237488831512875010	FALSE	1	0	0	1	0	0
1238439287710003200	FALSE	1	0	0	2	0.5	0
1236590699744759809	TRUE	1	0	0	5	0.2	0
1236644956078555138	TRUE	1	0	0	2	0	0
1226592625865547776	TRUE	1	0	0	5	0	0
1223993362107244546	TRUE	1	0	0	12	0.08333333333	0
1224648306250387457	TRUE	1	0	0	9	0	0
1223963467213950977	TRUE	1	0	0	3	0	0
1224077761578438656	TRUE	1	0	0	2	0	0
1224291852121264129	TRUE	1	0	0	2	0	0
1221719496068681728	TRUE	1	0	0	2	0	0
1221744305347481601	TRUE	1	0	0	1	0	0
1221795088529076224	TRUE	1	0	0	8	0.25	0.125
1221817641385390080	TRUE	1	0	0	2	0	0
1221819261863301122	TRUE	1	0	0	3	0.3333333333	0.3333333333
1222074403032379393	TRUE	1	0	0	4	0.25	0
1223227039303507968	TRUE	1	0	0	27	0.1481481481	0.2222222222
1223304826508976129	TRUE	1	0	0	2	0.5	0
1223582814232305665	TRUE	1	0	0	13	0	0.07692307692
1223660614612062209	TRUE	1	0	0	6	0	0
1223886032388722694	TRUE	1	0	0	12	0	0.08333333333
1223886741779767297	TRUE	1	0	0	2	0	0.5
1223893869793890304	TRUE	1	0	0	3	0	0
1223898717071323136	TRUE	1	0	0	17	0	0
1223934841957371905	TRUE	1	0	0	19	0	0.05263157895
1223976555510214657	TRUE	1	0	0	2	0	0
1223995935786704897	TRUE	1	0	0	2	0	0
1224035317415645184	TRUE	1	0	0	1	0	0
1224036809509888006	TRUE	1	0	0	25	0.08	0.08
1224050454247723008	TRUE	1	0	0	2	0	0
1224054187673247745	TRUE	1	0	0	35	0.02857142857	0
1224223163229274112	TRUE	1	0	0	23	0.08695652174	0
1224250256356970498	TRUE	1	0	0	6	0.3333333333	0.1666666667
1224255030691336193	TRUE	1	0	0	2	0	0
1224281186689785856	TRUE	1	0	0	5	0.4	0.2
1224377008794296322	TRUE	1	0	0	46	0.0652173913	0.2608695652
1224645960548212738	TRUE	1	0	0	5	0	0
1224672506944139265	TRUE	1	0	0	3	0	0
1224676900293029888	TRUE	1	0	0	3	0	0
1224731831599321089	TRUE	1	0	0	6	0	0
1222899437191618560	TRUE	1	0	0	3	0.3333333333	0
1222985639773319169	TRUE	1	0	0	6	0	0
1225153339639377920	TRUE	1	0	0	10	0.2	0.1
1240641782985170947	TRUE	1	0	0	2	0	0
1240576033520320513	TRUE	1	0	0	2	0	0
1239679005479108608	TRUE	1	0	0	4	0	0
1235595259419267073	TRUE	1	0	0	2	0	0
1235623502385786881	TRUE	1	0	0	117	0	0
1236076513918926858	TRUE	1	0	0	14	0	0
1246933199986601987	TRUE	1	0	0	2	0	0
1253035854534184966	TRUE	1	0	0	3	0	0
1249763975878905859	TRUE	1	0	0	1	0	0
1250035236899037185	TRUE	1	0	0	1	0	0
1250163554113683458	TRUE	1	0	0	6	0	0
1250164123775705090	TRUE	1	0	0	20	0.4	0
1250191298935562241	TRUE	1	0	0	1	0	0
1250212506469117957	TRUE	1	0	0	2	0	0
1250340816725262339	TRUE	1	0	0	8	0	0
1250520328301838339	TRUE	1	0	0	3	0	0
1254530696540049409	TRUE	1	0	0	1	0	0
1254850856069070848	TRUE	1	0	0	2	0	0
1254470299250126849	TRUE	1	0	0	2	0	0
1255829628507361280	TRUE	1	0	0	2	0	0
1253755425062825988	TRUE	1	1	0	2	0.5	0
1253791289994248195	TRUE	1	0	0	1	0	1
1254498481856827392	TRUE	1	0	0	2	0	0
1253763961872363520	TRUE	1	0	0	27	0	0
1252723927639564293	TRUE	1	0	0	80	0	0
1252717202660261889	TRUE	1	0	0	3	0	0
1253055051628773378	TRUE	1	0	0	12	0	0
1253055545038245888	TRUE	1	0	0	2	0	0
1252646074721894403	TRUE	1	0	0	123	0	0.008130081301
1252683521916915713	TRUE	1	0	0	5	0	0
1253043190644563969	TRUE	1	0	0	2	0	0
1253051066100396036	TRUE	1	0	0	8	0	0
1253407201026244608	TRUE	1	0	0	2	0	0
1252682489480523781	TRUE	1	0	0	14	0	0
1253413728004927488	TRUE	1	0	0	2	0	0
1252631185026617345	TRUE	1	0	0	31	0	0
1252673334464086017	TRUE	1	0	0	10	0	0
1252694593197559808	TRUE	1	0	0	11	0	0
1252696579129171969	TRUE	1	0	0	4	0	0
1252718689247428612	TRUE	1	0	0	4	0	0
1252772521121849345	TRUE	1	0	0	13	0	0
1252933491957936128	TRUE	1	0	0	6	0	0
1253010478885826562	TRUE	1	0	0	3	0	0
1253029144964861955	TRUE	1	0	0	3	0	0
1253060902095663104	TRUE	1	0	0	2	0	0
1253068530246967300	TRUE	1	0	0	26	0	0
1253074278616088577	TRUE	1	0	0	6	0	0
1253088693285466112	TRUE	1	0	0	18	0.1111111111	0
1253220929041240065	TRUE	1	0	0	1	0	0
1253284965351112705	TRUE	1	0	0	1	0	0
1253285892124553218	TRUE	1	0	0	3	0	0
1253394953042120705	TRUE	1	0	0	3	0	0
1253396669015654400	TRUE	1	0	0	2	0	0
1253760704752103425	TRUE	1	0	0	1	0	0
1253809445701853184	TRUE	1	0	0	3	0	0
1253819844727799812	TRUE	1	0	0	2	0	0
1254119353148149760	TRUE	1	0	0	1	0	0
1254178092366606339	TRUE	1	0	0	4	0	0
1253786289272479744	TRUE	1	0	0	4	0.5	0.25
1253597649997107201	TRUE	1	1	0	3	0.6666666667	0
1253694048436654081	TRUE	1	0	0	7	0	0
1253820241597075456	TRUE	1	0	0	6	0.5	0
1253608887527206912	TRUE	1	1	0	4	0.25	0
1253799851059556353	TRUE	1	0	0	1	0	0
1246580315855949827	TRUE	1	0	0	4	0	0
1252699606301003776	TRUE	1	0	0	10	0.1	0
1246086887099506688	TRUE	1	0	0	2	0	0
1248967573917577219	TRUE	1	0	0	43	0.04651162791	0.02325581395
1249014112715227136	TRUE	1	0	0	4	0.25	0.25
1251586753246494721	TRUE	1	0	0	2	0	0
1252192224122671104	TRUE	1	0	0	3	0	0
1252224709678202881	TRUE	1	0	0	5	0	0
1253036192209256448	TRUE	1	0	0	4	0.25	0
1252204390682951683	TRUE	1	0	0	3	0	0
1252431961659850752	TRUE	1	0	0	3	0	0
1252726305000509441	TRUE	1	0	0	23	0.1739130435	0.04347826087
1252564320854081536	TRUE	1	0	0	2	0	0
1252886412891996160	TRUE	1	0	0	82	0.1707317073	0.06097560976
1253019757181313024	TRUE	1	0	0	2	0	0
1251621477285335040	TRUE	1	0	0	90	0	0
1251593413515976710	TRUE	1	0	0	4	0	0
1251645705145516032	TRUE	1	0	0	5	0	0
1251693595482034176	TRUE	1	0	0	9	0	0
1251767966049480704	TRUE	1	0	0	3	0	0
1251873638179057664	TRUE	1	0	0	8	0.125	0
1251996674035253249	TRUE	1	0	0	16	0	0
1252125288537956354	TRUE	1	0	0	5	0	0
1252373135388602369	TRUE	1	0	0	6	0	0
1252678911294570496	TRUE	1	0	0	6	0	0
1247980605641555968	TRUE	1	0	0	3	0	0
1248376159038926858	TRUE	1	0	0	6	0	0
1248392891598131200	TRUE	1	0	0	19	0	0
1251971791603580930	TRUE	1	0	0	2	0	0
1248020518768435200	TRUE	1	0	0	15	0.2666666667	0.06666666667
1254181474892492801	TRUE	1	0	0	9	0	0
1247903295387009030	TRUE	1	0	0	7	0	0
1246917694059921410	TRUE	1	0	0	4	0	0
1249089365390905346	TRUE	1	0	0	4	0.25	0.25
1249162594780315650	TRUE	1	1	1	2	0.5	0.5
1251253909861158914	TRUE	1	0	0	1	0	0
1249369710027837441	TRUE	1	0	0	3613	0.003321339607	0.002214226405
1251131912485298176	TRUE	1	0	0	11	0	0
1251229395915857924	TRUE	1	0	0	7	0	0
1251271181434523648	TRUE	1	0	0	13	0	0
1251281303405764611	TRUE	1	0	0	3	0	0
1251283169762041866	TRUE	1	0	0	36	0.1388888889	0.05555555556
1251654120513122305	TRUE	1	0	0	7	0	0
1251922549304365060	TRUE	1	0	0	3	0	0
1254493571568283648	TRUE	1	0	0	4	0	0
1243497742594453505	TRUE	1	0	0	26	0.1153846154	0.1153846154
1243498872158269440	TRUE	1	0	0	33	0.06060606061	0.0303030303
1243497717852241920	TRUE	1	0	0	3	0	0
1243500171301990401	TRUE	1	0	0	5	0.2	0
1243501050834964481	TRUE	1	0	0	1	0	0
1243501434903109632	TRUE	1	0	0	2	0	0.5
1243509862081933313	TRUE	1	0	0	6	0	0
1243515672715497476	TRUE	1	0	0	5	0	0
1243617065279332355	TRUE	1	0	0	5	0	0
1243676637494800384	TRUE	1	0	0	1	0	0
1248717181963165699	TRUE	1	0	0	5	0	0
1248717184202878976	TRUE	1	0	0	7	0	0
1228291548053299201	TRUE	1	0	0	1	0	0
1246480397313196037	TRUE	1	0	0	2	0	0
1247152939506053120	TRUE	1	0	0	9	0	0
1248027285153886208	TRUE	1	0	0	4	0	0
1248348864131805189	TRUE	1	0	0	4	0	0
1248649441118052353	TRUE	1	0	0	3	0	0
1250440840054370306	TRUE	1	0	0	11	0	0
1251181999416541184	TRUE	1	0	0	3	0	0
1251623585707425793	TRUE	1	0	0	5	0	0
1234423749732073473	TRUE	1	0	0	2	0	0
1234994764371509250	TRUE	1	0	0	2	0	0
1240042792883228679	TRUE	1	0	0	2	0	0
1240042797626994688	TRUE	1	0	0	8	0	0
1240042800189751296	TRUE	1	0	0	2	0	0
1240042804044271622	TRUE	1	0	0	2	0	0
1251950305123749888	TRUE	1	0	0	4	0	0
1237076756806479872	TRUE	1	0	0	8	0	0
1237077137753927681	TRUE	1	0	0	2	0	0
1237077651308908546	TRUE	1	0	0	7	0	0
1223689823065661446	TRUE	1	0	0	7	0	0
1224024166963261440	TRUE	1	0	0	2	0	0
1224282632059359232	TRUE	1	0	0	3	0	0
1226072432630521862	TRUE	1	0	0	3	0	0
1234231687896293378	TRUE	1	0	0	9	0	0
1242153839693893635	TRUE	1	0	0	2	0	0
1243506213557538817	TRUE	1	0	0	2	0	0
1243869140189884416	TRUE	1	0	0	2	0	0
1243961866889510912	TRUE	1	0	0	6	0	0
1245023904814583808	TRUE	1	0	0	3	0	0
1246829954496696321	TRUE	1	0	0	2	0	0
1251856841166008320	TRUE	1	0	0	1	0	0
1251948651062218752	TRUE	1	0	0	1	0	0
1234365357189672960	TRUE	1	0	0	2	0	0
1236015023467769862	TRUE	1	0	0	3	0	0
1237065807441596416	TRUE	1	0	0	21	0	0
1238099462825918466	TRUE	1	0	0	19	0	0
1238399921398702080	TRUE	1	0	0	9	0	0
1238441334995812357	TRUE	1	0	0	2	0	0
1238841134765441025	TRUE	1	0	0	16	0.125	0
1226108105672577024	TRUE	1	0	0	2	0	0
1254424586390835201	TRUE	1	0	0	11	0.09090909091	0.09090909091
1253654798697738241	FALSE	1	0	0	125	0.048	0
1239653737171468290	TRUE	1	0	0	19	0.05263157895	0
1239662351646932992	TRUE	1	0	0	24	0.08333333333	0
1241832409722769408	TRUE	1	0	0	1	0	0
1246164956862701573	TRUE	1	0	0	10	0.1	0
1248724722352873473	FALSE	1	0	0	10	0	0
1250157307889098760	TRUE	1	0	0	7	0.2857142857	0
1238502052273291265	TRUE	1	0	0	5	0	0
1253754986196013057	TRUE	1	0	0	26	0.07692307692	0
1253766797213532168	TRUE	1	0	0	2	0	0
1246921888141639681	TRUE	1	0	0	104	0.08653846154	0.009615384615
1246922721910501377	TRUE	1	0	0	3	0	0
1246210389366407171	TRUE	1	0	0	2	0	0
1246216432981102597	TRUE	1	0	0	1	0	0
1237075973625044994	TRUE	1	0	0	7	0	0
1237076298012536833	TRUE	1	0	0	3	0	0
1237076520780398594	TRUE	1	0	0	2	0	0
1237076727127584768	TRUE	1	0	0	3	0	0
1237076819171594242	TRUE	1	0	0	6	0	0
1237077433419018240	TRUE	1	0	0	6	0	0
1237089787904917505	TRUE	1	0	0	7	0	0
1231580466228211712	TRUE	1	0	0	4	0	0
1231639441929838596	TRUE	1	0	0	2	0	0
1242009752613408769	TRUE	1	0	0	5	0	0
1242904389880360968	TRUE	1	0	0	15	0.06666666667	0
1243199364887203840	TRUE	1	0	0	2	0.5	0
1243230649303138305	TRUE	1	0	0	3	0.3333333333	0
1246186004031168512	TRUE	1	0	0	1	0	0
1246188514502418439	TRUE	1	0	0	1	0	0
1246202000087400450	TRUE	1	0	0	1	0	0
1246209216018251778	TRUE	1	0	0	11	0	0
1246215615330861056	TRUE	1	0	0	1	0	0
1246284136337326080	TRUE	1	0	0	2	0	0
1246544290760753153	TRUE	1	0	0	5	0	0
1246548767895171075	TRUE	1	0	0	8	0	0
1246889091851071488	TRUE	1	0	0	2	0	0
1246935650370191360	TRUE	1	0	0	5	0	0
1246937179504459778	FALSE	1	0	0	2	0	0
1247150405651435520	TRUE	1	0	0	3	0	0
1247150638796021761	TRUE	1	0	0	11	0	0
1247150687601000448	TRUE	1	0	0	13	0	0
1247151166238216194	TRUE	1	0	0	13	0	0
1247161029953347586	TRUE	1	0	0	2	0	0
1250049273191903236	TRUE	1	0	0	2	0.5	0
1250192106255237120	TRUE	1	0	0	2	0	0
1251099160775921665	TRUE	1	0	0	14	0.2142857143	0
1251285358806958080	TRUE	1	0	0	10	0	0
1251637495227396099	TRUE	1	0	0	10	0	0
1253090574682533888	TRUE	1	0	0	10	0.1	0
1235326476666499072	TRUE	1	1	0	5	0.6	0.2
1236366485926432775	TRUE	1	0	0	4	0	0
1252728474239975424	TRUE	1	0	0	5	0	0
1253307890129162241	TRUE	1	0	0	19	0	0
1247565864267898880	TRUE	1	0	0	3	0	0
1251596365718847488	TRUE	1	0	0	2	0	0
1253061086645018626	TRUE	1	0	0	3	0	0
1238463572302155776	TRUE	1	1	0	261	0.04980842912	0.1455938697
1244759778477432833	TRUE	1	1	0	213	0.2535211268	0.1971830986
1222506828694794240	TRUE	1	0	0	3	0	0
1238535807574646785	TRUE	1	0	0	1	0	0
1231606672256372737	TRUE	1	0	0	2	0	0
1232332725064998912	TRUE	1	0	0	2	0	0
1232349339307167746	TRUE	1	0	0	5	0	0
1233758143919902721	TRUE	1	0	0	2	0	0
1233811172207538176	TRUE	1	0	0	2	0	0
1231619738658320385	TRUE	1	0	0	7	0	0
1231688261363523584	TRUE	1	0	0	3	0	0
1226753518020808704	TRUE	1	0	0	8	0	0
1226753889212534784	TRUE	1	0	0	5	0	0
1228944252983533569	TRUE	1	0	0	1	0	0
1231605548019265537	TRUE	1	0	0	2	0.5	0
1231605650863644673	TRUE	1	0	0	1	0	0
1236168272975978496	TRUE	1	0	0	22	0	0
1229011698813677570	TRUE	1	0	0	2	0	0
1229022583720480769	TRUE	1	0	0	55	0	0
1229022979918573568	TRUE	1	0	0	6	0	0
1229026625620205568	TRUE	1	0	0	45	0	0
1230572784495087616	TRUE	1	0	0	30	0	0
1231680172748951552	TRUE	1	0	0	3	0	0
1231907174110126080	TRUE	1	0	0	85	0.05882352941	0.07058823529
1231453171106615296	TRUE	1	0	0	15	0.06666666667	0.06666666667
1233489132111921155	TRUE	1	0	0	34	0	0
1234203300754546694	TRUE	1	0	0	1	0	0
1236388799011328001	TRUE	1	0	0	67	0.01492537313	0
1236639125991809024	TRUE	1	0	0	59	0.03389830508	0
1231919260596830210	TRUE	1	0	0	3	0	0
1232594123623993344	TRUE	1	0	0	2	0	0
1232601713430925313	TRUE	1	0	0	127	0	0
1232624385669914624	TRUE	1	0	0	3	0	0
1233261944246874112	TRUE	1	0	0	3	0	0
1233283870356844544	TRUE	1	0	0	43	0	0
1232202138719334400	TRUE	1	0	0	8	0	0
1232280173757784064	TRUE	1	0	0	2	0	0
1231606329313198083	TRUE	1	0	0	1	0	0
1234536213719212032	TRUE	1	0	0	20	0.1	0
1234575288132087808	TRUE	1	0	0	3	0	0
1234921492036640776	TRUE	1	0	0	2	0	0
1235222405230006272	TRUE	1	0	0	26	0	0
1235306053635579906	TRUE	1	0	0	2	0	0
1243961886443311104	FALSE	1	0	0	178	0.1123595506	0.1011235955
1244042705761697794	TRUE	1	0	0	15	0	0
1221867233640636417	TRUE	1	0	0	2	0	0
1232014788684926977	FALSE	1	0	0	4	0	0
1232055522012078085	TRUE	1	0	0	2	0	0
1223706270018035714	TRUE	1	0	0	3	0	0
1223921399879884800	TRUE	1	0	0	5	0	0
1226753207600320512	TRUE	1	0	0	3	0	0
1227246831563919360	TRUE	1	0	0	64	0.03125	0
1227522169971859456	TRUE	1	0	0	6	0.1666666667	0
1227525709725360129	TRUE	1	0	0	3	0	0
1231267785734524928	TRUE	1	0	0	4	0.25	0
1231543974621536257	TRUE	1	0	0	9	0	0
1231606360476913672	TRUE	1	0	0	1	0	0
1231608232176693248	TRUE	1	0	0	3	0.3333333333	0
1231608606023393280	TRUE	1	0	0	1	0	0
1231609703442079745	TRUE	1	0	0	21	0.09523809524	0
1231612384713859072	TRUE	1	0	0	2	0	0
1231613452571041793	TRUE	1	0	0	2	0	0
1231615075305345025	TRUE	1	0	0	3	0	0
1231619849979383809	TRUE	1	0	0	14	0	0
1231631052826869760	TRUE	1	0	0	4	0	0
1231640007410143233	TRUE	1	0	0	40	0.05	0.05
1231674327432617985	TRUE	1	0	0	2	0	0
1232775733380046848	TRUE	1	0	0	30	0	0
1233765231723208705	TRUE	1	0	0	2	0	0
1229361132785238016	TRUE	1	0	0	2	0	0
1232913888104079361	TRUE	1	0	0	1	0	0
1234523802798903298	TRUE	1	0	0	5	0	0
1234506452984901633	TRUE	1	0	0	2	0	0
1234750274503311361	TRUE	1	0	0	3	0	0
1234929385771323393	TRUE	1	0	0	7	0	0
1235206555571757058	TRUE	1	0	0	5	0	0
1236007814969143299	TRUE	1	0	0	2	0	0
1237277703155388416	TRUE	1	0	0	568	0.02288732394	0.005281690141
1232009523621244940	FALSE	1	0	0	15	0.1333333333	0
1232011335552159744	FALSE	1	0	0	2	0	0
1232011892882845697	FALSE	1	0	0	14	0.1428571429	0
1240767688210878464	TRUE	1	0	0	2	0	0
1244398935529205762	TRUE	1	0	0	26	0	0.07692307692
1227844738901889024	TRUE	1	0	0	1	0	0
1232036993623896064	FALSE	1	0	0	5	0.2	0
1226400594413441024	FALSE	1	0	0	2	0	0
1224052236961091585	TRUE	1	0	0	3	0	0
1225713091524079617	TRUE	1	0	0	4	0	0
1227612145921253377	TRUE	1	0	0	6	0	0
1227819192839221248	TRUE	1	0	0	4	0	0.25
1228806206791307266	TRUE	1	0	0	2	0	0
1233860984298778624	TRUE	1	0	0	10	0	0
1240782340340756481	TRUE	1	0	0	3	0	0
1240898369725358080	TRUE	1	0	0	4	0	0
1240902862391083008	TRUE	1	0	0	2	0	0
1241054621503819783	TRUE	1	0	0	2	0	0
1242088712642707456	TRUE	1	0	0	1	0	0
1242175019431669760	TRUE	1	0	0	13	0	0
1244383852799426562	TRUE	1	0	0	2	0	0
1245778703684112397	TRUE	1	0	0	3	0	0
1245786672140296193	TRUE	1	0	0	2	0	0
1245795291531534338	TRUE	1	0	0	2	0	0
1247869697724465152	TRUE	1	0	0	7	0	0
1250529330163257345	TRUE	1	0	0	6	0	0
1229706229322256384	TRUE	1	0	0	2	0	0
1232957629581975552	TRUE	1	0	0	2	0	0
1235331713825411077	TRUE	1	0	0	3	0	0
1222245592702816257	FALSE	1	0	0	5	0	0
1227589395840106506	FALSE	1	0	0	2	0	0
1232007643633508356	FALSE	1	0	0	6	0	0.1666666667
1232010094923177989	FALSE	1	0	0	10	0.2	0
1232011202122915840	FALSE	1	0	0	5	0	0
1232021353911529472	FALSE	1	0	0	43	0	0
1232021828174045184	FALSE	1	0	0	2	0	0
1232022464127029248	FALSE	1	0	0	2	0	0
1232057208936030209	FALSE	1	0	0	98	0.112244898	0.1326530612
1232057843244814336	FALSE	1	0	0	254	0.05511811024	0.03149606299
1232061669125304320	FALSE	1	0	0	1	0	0
1232076910357893120	FALSE	1	0	0	3	0	0
1232081454588362752	FALSE	1	0	0	1	0	0
1232083016807337985	FALSE	1	0	0	2	0	0
1232083629506998274	FALSE	1	0	0	76	0.01315789474	0
1232786603048828928	FALSE	1	0	0	102	0.04901960784	0.009803921569
1241111475030306822	FALSE	1	0	0	3	0	0
1248001421393506305	FALSE	1	0	0	2	0.5	0
1249840446123266054	FALSE	1	0	0	16	0	0
1240238562353741827	TRUE	1	0	0	2	0	0.5
1241663565465092096	TRUE	1	0	0	1	0	0
1241141762221015040	TRUE	1	0	0	42	0.02380952381	0.04761904762
1237084859211960321	TRUE	1	0	0	3	0	0
1237087637422452742	TRUE	1	0	0	4	0	0
1248621917621219330	TRUE	1	0	0	34	0	0.02941176471
1238387718440304640	TRUE	1	0	0	2	0	0
1233775692296458240	TRUE	1	0	0	2	0	0
1246497905315381250	TRUE	1	0	0	2	0	0
1244217739545280513	TRUE	1	0	0	2	0	0
1247979645531754499	TRUE	1	0	0	1	0	0
1248627928977436672	TRUE	1	0	0	2	0	0
1250098978139627530	TRUE	1	0	0	9	0	0
1250695156900208640	TRUE	1	0	0	2	0	0
1233771376881930241	TRUE	1	0	0	2	0	0
1255268380090806272	TRUE	1	0	0	18	0	0
1238553535601655809	TRUE	1	0	0	26	0	0
1251840282770931714	TRUE	1	0	0	6	0	0
1252236345222676480	TRUE	1	0	0	303	0.02640264026	0.01650165017
1252239082568265734	TRUE	1	0	0	1	0	0
1252252734327336965	TRUE	1	0	0	3	0	0
1242179559946178561	TRUE	1	0	0	3	0	0
1242230212965945345	TRUE	1	0	0	3	0	0
1242399529732837376	TRUE	1	0	0	8	0	0
1246563807125745671	TRUE	1	0	0	8	0	0
1254848223426023425	TRUE	1	0	0	13	0	0
1254878943481659401	TRUE	1	0	0	301	0.04651162791	0.006644518272
1254880165202735104	TRUE	1	0	0	1	0	0
1254888683616043012	TRUE	1	0	0	1	0	0
1251108587146969089	TRUE	1	0	0	2	0	0
1251458507498545155	TRUE	1	0	0	5	0.6	0
1233823709783187457	TRUE	1	0	0	3	0	0
1239639379271876608	TRUE	1	0	0	5	0	0
1240042861464354824	TRUE	1	1	0	2	0	0
1240293892198748161	TRUE	1	0	0	5	0	0
1240319232858095616	TRUE	1	0	0	17	0.05882352941	0
1241022391343558656	TRUE	1	0	0	4	0	0
1241095013083353088	TRUE	1	0	0	2	0	0
1242517138491015169	TRUE	1	0	0	21	0.04761904762	0
1242934810441658371	TRUE	1	0	0	8	0	0
1243913006628638720	TRUE	1	0	0	62	0	0
1248662024365760513	TRUE	1	0	0	5	0	0
1248718068643172352	TRUE	1	0	0	2	0	0
1248826918176280576	TRUE	1	0	0	2	0	0
1249622096801681408	TRUE	1	0	0	7	0.1428571429	0.1428571429
1251165086598795264	TRUE	1	0	0	22	0.04545454545	0.04545454545
1252888147794558977	TRUE	1	0	0	2	0	0
1253085611277324293	FALSE	1	0	0	76	0.01315789474	0.01315789474
1254829840328507392	TRUE	1	0	0	5	0	0
1254881746220453891	TRUE	1	0	0	12	0	0
1254888493723127810	TRUE	1	0	0	2	0	0
1232370403110195201	FALSE	1	0	0	6	0.1666666667	0
1235711713678368770	TRUE	1	0	0	1	0	0
1234185419115331584	FALSE	1	0	0	13	0.1538461538	0
1240884683715608579	TRUE	1	0	0	6	0.3333333333	0.1666666667
1242798390234112000	TRUE	1	0	0	2	0	0
1242929537291358209	TRUE	1	0	0	1	0	0
1243583561476775937	TRUE	1	0	0	5	0	0
1243607636999880704	TRUE	1	0	0	2	0	0
1243636488891498496	TRUE	1	0	0	10	0	0
1245600290541166592	TRUE	1	0	0	2	0	0
1246353410875686912	TRUE	1	0	0	17	0.05882352941	0.05882352941
1249287395037425669	TRUE	1	0	0	8	0	0
1250329912637968386	TRUE	1	0	0	1	0	0
1251107352956350464	TRUE	1	0	0	2	0	0
1251601133510037505	TRUE	1	0	0	7	0	0
1252288169866903555	TRUE	1	0	0	1	0	0
1252372725181497344	TRUE	1	0	0	2	0	0
1245440798532882434	TRUE	1	0	0	2	0	0
1245460618137788422	TRUE	1	0	0	5	0	0
1241364692519583746	TRUE	1	0	0	2	0	0
1243607953183301636	TRUE	1	0	0	2	0	0
1245832918011871232	TRUE	1	0	0	6	0	0
1250365766949617667	TRUE	1	0	0	2	0	0
1255539138490744835	TRUE	1	0	0	2	0	0
1240392243535654914	TRUE	1	0	0	3	0	0
1240634991744335874	TRUE	1	0	0	2	0	0
1244685926233759745	TRUE	1	0	0	2	0	0
1236758978371215361	TRUE	1	0	0	61	0.1967213115	0
1237345913296871424	TRUE	1	0	0	28	0.25	0.07142857143
1242896630183014401	TRUE	1	0	0	6	0.1666666667	0
1245848485318066177	TRUE	1	0	0	11	0.09090909091	0.09090909091
1250405314907779072	TRUE	1	0	0	4	0	0
1248751196489293826	TRUE	1	0	0	2	0	0
1248751875203219456	TRUE	1	0	0	7	0	0
1249736604962500608	TRUE	1	0	0	2	0	0
1256000032672747521	TRUE	1	0	0	6	0.1666666667	0
1248570277136662529	TRUE	1	0	0	3	0	0
1250064210526179328	TRUE	1	0	0	3	0.3333333333	0
1250557435972136961	TRUE	1	0	0	32	0.0625	0.0625
1251611458745413632	TRUE	1	0	0	2	0	0
1254188733613703168	FALSE	1	0	0	2	0	0
1244394807826550785	FALSE	1	0	0	1	0	0
1249473327481131014	TRUE	1	0	0	32	0.375	0.0625
